"Code","Title","Image","Image_URL","Image_DisplayText","Step_ShortName","Step_HoverText","Step_Narration1","Step_Narration2","Step_Narration3","UAP_Title","UAP_Link","UAP_HoverText"
"Slide1","","Slide1.png","/images/Tech/Slide1.png","","","","","","","","",""
"M1","S2. Travel to the appointment / site","M1.png","/images/Tech/M1.png","S2. Travel to the appointment / site","","","","","","","",""
"S1","S2. Travel to the appointment / site","S1.png","/images/Tech/S1.png","S2. Travel to the appointment / site","","","","","","","",""
"S2","S2. Travel to the appointment / site","S2.png","/images/Tech/S2.png","S2. Travel to the appointment / site","","","","","","","",""
"S3","S2. Travel to the appointment / site","S3.png","/images/Tech/S3.png","S2. Travel to the appointment / site","","","","","","","",""
"D1","S2. Travel to the appointment / site","D1.png","/images/Tech/D1.png","S2. Travel to the appointment / site","","","","","","","",""
"Y1","S2. Travel to the appointment / site","Y1.png","/images/Tech/Y1.png","S2. Travel to the appointment / site","","","","","","","",""
"S4","S2. Travel to the appointment / site","S4.png","/images/Tech/S4.png","S2. Travel to the appointment / site","","","","","","","",""
"S5","S2. Travel to the appointment / site","S5.png","/images/Tech/S5.png","S2. Travel to the appointment / site","","","","","","","",""
"D2","S2. Travel to the appointment / site","D2.png","/images/Tech/D2.png","S2. Travel to the appointment / site","","","","","","","",""
"Y2","S2. Travel to the appointment / site","Y2.png","/images/Tech/Y2.png","S2. Travel to the appointment / site","","","","","","","",""
"D3","S2. Travel to the appointment / site","D3.png","/images/Tech/D3.png","S2. Travel to the appointment / site","","","","","","","",""
"Y3","S2. Travel to the appointment / site","Y3.png","/images/Tech/Y3.png","S2. Travel to the appointment / site","","","","","","","",""
"S6","S2. Travel to the appointment / site","S6.png","/images/Tech/S6.png","S2. Travel to the appointment / site","","","","","","","",""
"N3","S2. Travel to the appointment / site","N3.png","/images/Tech/N3.png","S2. Travel to the appointment / site","","","","","","","",""
"S7","S2. Travel to the appointment / site","S7.png","/images/Tech/S7.png","S2. Travel to the appointment / site","","","","","","","",""
"N2","S2. Travel to the appointment / site","N2.png","/images/Tech/N2.png","S2. Travel to the appointment / site","","","","","","","",""
"S8","S2. Travel to the appointment / site","S8.png","/images/Tech/S8.png","S2. Travel to the appointment / site","","","","","","","",""
"N1","S2. Travel to the appointment / site","N1.png","/images/Tech/N1.png","S2. Travel to the appointment / site","","","","","","","",""
